id,title,date,type,category,content
1,"Lorem ipsum dolor sit, amet consectetur",08/21/2020,page,Ipsum,"<p><strong>Pellentesque habitant morbi tristique</strong> senectus et netus et malesuada fames ac turpis egestas. Vestibulum tortor quam, feugiat vitae, ultricies eget, tempor sit amet, ante. Donec eu libero sit amet quam egestas semper. <em>Aenean ultricies mi vitae est.</em> Mauris placerat eleifend leo. Quisque sit amet est et sapien ullamcorper pharetra. Vestibulum erat wisi, condimentum sed, <code>commodo vitae</code>, ornare sit amet, wisi. Aenean fermentum, elit eget tincidunt condimentum, eros ipsum rutrum orci, sagittis tempus lacus enim ac dui. <a href=""#"">Donec non enim</a> in turpis pulvinar facilisis. Ut felis.</p>
<img src=""https://picsum.photos/1280/720"" alt=""Aenean ultricies mi vitae est."" title=""Vestibulum tortor quam"" />
<h2>Header Level 2</h2>
<ol>
  <li>Lorem ipsum dolor sit amet, consectetuer adipiscing elit.</li>
  <li>Aliquam tincidunt mauris eu risus.</li>
</ol>
<blockquote><p>Lorem ipsum dolor sit amet, consectetur adipiscing elit. Vivamus magna. Cras in mi at felis aliquet congue. Ut a est eget ligula molestie gravida. Curabitur massa. Donec eleifend, libero at sagittis mollis, tellus est malesuada tellus, at luctus turpis elit sit amet quam. Vivamus pretium ornare est.</p></blockquote>
<h3>Header Level 3</h3>
<ul>
  <li>Lorem ipsum dolor sit amet, consectetuer adipiscing elit.</li>
  <li>Aliquam tincidunt mauris eu risus.</li>
</ul>
<iframe width=""560"" height=""315"" src=""https://www.youtube.com/embed/GimzSBVQUDo?si=fG2WeWfksGgt2DLg"" title=""YouTube video player"" frameborder=""0"" allow=""accelerometer; autoplay; clipboard-write; encrypted-media; gyroscope; picture-in-picture; web-share"" referrerpolicy=""strict-origin-when-cross-origin"" allowfullscreen></iframe>
<h4>Header Level 4</h4>
<p><script type=""text/javascript"">alert(""I Should not be here"");</script></p>  
<p>Lorem ipsum dolor sit amet, consectetur adipiscing elit. Vivamus magna. Cras in mi at felis aliquet congue. Ut a est eget ligula molestie gravida. Curabitur massa. Donec eleifend, libero at sagittis mollis, tellus est malesuada tellus, at luctus turpis elit sit amet quam. Vivamus pretium ornare est.</p>"
2,Pellentesque habitant morbi tristique,08/21/2021,blog,Consectetur ,"<p>Lorem ipsum dolor sit amet consectetur adipiscing elit imperdiet blandit auctor sem, sed montes rhoncus cubilia eros parturient donec placerat eu. Eget nascetur class platea convallis augue vel vehicula, at id quisque aliquet ultrices pharetra nulla vivamus, mollis faucibus maecenas hendrerit hac arcu. Metus tempus aenean enim hendrerit auctor ac cursus ut praesent, ante libero porta bibendum class erat volutpat habitant, dapibus velit vitae sapien egestas sodales luctus ultrices.</p> <p>Tristique quis aptent gravida mattis litora imperdiet iaculis per felis velit et ultrices, netus consequat mus urna a mollis fusce pretium faucibus tellus aliquam lacinia phasellus, massa pulvinar mauris aenean cras commodo habitant volutpat aliquet condimentum lacus. Dapibus proin fermentum dui etiam maecenas primis hendrerit natoque donec litora interdum nam, mus ac fames mattis tristique cubilia ultricies integer dis potenti libero phasellus class, eros vehicula massa urna neque mi semper arcu cursus ut convallis. Rhoncus odio nunc viverra ultricies litora ac a in, pharetra iaculis penatibus torquent pretium facilisi proin vitae diam, felis nullam et vehicula fusce semper aliquam.</p> <p>Sodales morbi senectus quis nec euismod luctus pretium mi elementum maecenas, aliquet bibendum a at risus per purus ut ante. Leo neque porttitor primis nostra malesuada sociis, ullamcorper penatibus nam a nibh, habitant felis curabitur mus in. Sodales sociis magnis tellus suscipit molestie magna neque cubilia inceptos venenatis vulputate, scelerisque hendrerit sem curabitur sed rutrum fusce lectus diam.</p> <p>Nec lacinia venenatis ornare euismod class eleifend mauris natoque, porttitor phasellus viverra enim dictum tortor mus, dis donec tellus libero est platea luctus. Aliquam malesuada fermentum interdum rhoncus feugiat tellus nisl hac, taciti sem mauris per dictumst ultricies bibendum litora, praesent urna odio faucibus habitasse felis primis. Montes mattis rutrum ante maecenas ullamcorper magna augue, dapibus pellentesque dis dignissim dui curabitur parturient, eleifend nibh aptent litora tortor leo. Nullam inceptos fringilla lobortis nulla ac, congue semper posuere leo.</p>"
3,Mauris placerat eleifend leo,08/21/2022,event,Adipiscing,"<p><strong>Pellentesque habitant morbi tristique</strong> senectus et netus et malesuada fames ac turpis egestas. Vestibulum tortor quam, feugiat vitae, ultricies eget, tempor sit amet, ante. Donec eu libero sit amet quam egestas semper. <em>Aenean ultricies mi vitae est.</em> Mauris placerat eleifend leo. Quisque sit amet est et sapien ullamcorper pharetra. Vestibulum erat wisi, condimentum sed, <code>commodo vitae</code>, ornare sit amet, wisi. Aenean fermentum, elit eget tincidunt condimentum, eros ipsum rutrum orci, sagittis tempus lacus enim ac dui. <a href=""#"">Donec non enim</a> in turpis pulvinar facilisis. Ut felis.</p>
<img src=""https://picsum.photos/1280/720"" alt=""Aenean ultricies mi vitae est."" title=""Vestibulum tortor quam"" />
<h2>Header Level 2</h2>
<ol>
  <li>Lorem ipsum dolor sit amet, consectetuer adipiscing elit.</li>
  <li>Aliquam tincidunt mauris eu risus.</li>
</ol>
<blockquote><p>Lorem ipsum dolor sit amet, consectetur adipiscing elit. Vivamus magna. Cras in mi at felis aliquet congue. Ut a est eget ligula molestie gravida. Curabitur massa. Donec eleifend, libero at sagittis mollis, tellus est malesuada tellus, at luctus turpis elit sit amet quam. Vivamus pretium ornare est.</p></blockquote>
<h3>Header Level 3</h3>
<ul>
  <li>Lorem ipsum dolor sit amet, consectetuer adipiscing elit.</li>
  <li>Aliquam tincidunt mauris eu risus.</li>
</ul>
<iframe width=""560"" height=""315"" src=""https://www.youtube.com/embed/GimzSBVQUDo?si=fG2WeWfksGgt2DLg"" title=""YouTube video player"" frameborder=""0"" allow=""accelerometer; autoplay; clipboard-write; encrypted-media; gyroscope; picture-in-picture; web-share"" referrerpolicy=""strict-origin-when-cross-origin"" allowfullscreen></iframe>
<h4>Header Level 4</h4>
<p><script type=""text/javascript"">alert(""I Should not be here"");</script></p>  
<p>Lorem ipsum dolor sit amet, consectetur adipiscing elit. Vivamus magna. Cras in mi at felis aliquet congue. Ut a est eget ligula molestie gravida. Curabitur massa. Donec eleifend, libero at sagittis mollis, tellus est malesuada tellus, at luctus turpis elit sit amet quam. Vivamus pretium ornare est.</p>"
4,Turpis pulvinar facilisis,08/21/2023,page,Ipsum,"<p><strong>Pellentesque habitant morbi tristique</strong> senectus et netus et malesuada fames ac turpis egestas. Vestibulum tortor quam, feugiat vitae, ultricies eget, tempor sit amet, ante. Donec eu libero sit amet quam egestas semper. <em>Aenean ultricies mi vitae est.</em> Mauris placerat eleifend leo. Quisque sit amet est et sapien ullamcorper pharetra. Vestibulum erat wisi, condimentum sed, <code>commodo vitae</code>, ornare sit amet, wisi. Aenean fermentum, elit eget tincidunt condimentum, eros ipsum rutrum orci, sagittis tempus lacus enim ac dui. <a href=""#"">Donec non enim</a> in turpis pulvinar facilisis. Ut felis.</p>
<img src=""https://picsum.photos/1280/720"" alt=""Aenean ultricies mi vitae est."" title=""Vestibulum tortor quam"" />
<h2>Header Level 2</h2>
<ol>
  <li>Lorem ipsum dolor sit amet, consectetuer adipiscing elit.</li>
  <li>Aliquam tincidunt mauris eu risus.</li>
</ol>
<blockquote><p>Lorem ipsum dolor sit amet, consectetur adipiscing elit. Vivamus magna. Cras in mi at felis aliquet congue. Ut a est eget ligula molestie gravida. Curabitur massa. Donec eleifend, libero at sagittis mollis, tellus est malesuada tellus, at luctus turpis elit sit amet quam. Vivamus pretium ornare est.</p></blockquote>
<h3>Header Level 3</h3>
<ul>
  <li>Lorem ipsum dolor sit amet, consectetuer adipiscing elit.</li>
  <li>Aliquam tincidunt mauris eu risus.</li>
</ul>
<iframe width=""560"" height=""315"" src=""https://www.youtube.com/embed/GimzSBVQUDo?si=fG2WeWfksGgt2DLg"" title=""YouTube video player"" frameborder=""0"" allow=""accelerometer; autoplay; clipboard-write; encrypted-media; gyroscope; picture-in-picture; web-share"" referrerpolicy=""strict-origin-when-cross-origin"" allowfullscreen></iframe>
<h4>Header Level 4</h4>
<p><script type=""text/javascript"">alert(""I Should not be here"");</script></p>  
<p>Lorem ipsum dolor sit amet, consectetur adipiscing elit. Vivamus magna. Cras in mi at felis aliquet congue. Ut a est eget ligula molestie gravida. Curabitur massa. Donec eleifend, libero at sagittis mollis, tellus est malesuada tellus, at luctus turpis elit sit amet quam. Vivamus pretium ornare est.</p>"
5,"Nam dui mi, tincidunt quis",08/21/2024,page,Dictumst,"<p>Lorem ipsum dolor sit amet consectetur adipiscing elit imperdiet blandit auctor sem, sed montes rhoncus cubilia eros parturient donec placerat eu. Eget nascetur class platea convallis augue vel vehicula, at id quisque aliquet ultrices pharetra nulla vivamus, mollis faucibus maecenas hendrerit hac arcu. Metus tempus aenean enim hendrerit auctor ac cursus ut praesent, ante libero porta bibendum class erat volutpat habitant, dapibus velit vitae sapien egestas sodales luctus ultrices.</p> <p>Tristique quis aptent gravida mattis litora imperdiet iaculis per felis velit et ultrices, netus consequat mus urna a mollis fusce pretium faucibus tellus aliquam lacinia phasellus, massa pulvinar mauris aenean cras commodo habitant volutpat aliquet condimentum lacus. Dapibus proin fermentum dui etiam maecenas primis hendrerit natoque donec litora interdum nam, mus ac fames mattis tristique cubilia ultricies integer dis potenti libero phasellus class, eros vehicula massa urna neque mi semper arcu cursus ut convallis. Rhoncus odio nunc viverra ultricies litora ac a in, pharetra iaculis penatibus torquent pretium facilisi proin vitae diam, felis nullam et vehicula fusce semper aliquam.</p> <p>Sodales morbi senectus quis nec euismod luctus pretium mi elementum maecenas, aliquet bibendum a at risus per purus ut ante. Leo neque porttitor primis nostra malesuada sociis, ullamcorper penatibus nam a nibh, habitant felis curabitur mus in. Sodales sociis magnis tellus suscipit molestie magna neque cubilia inceptos venenatis vulputate, scelerisque hendrerit sem curabitur sed rutrum fusce lectus diam.</p> <p>Nec lacinia venenatis ornare euismod class eleifend mauris natoque, porttitor phasellus viverra enim dictum tortor mus, dis donec tellus libero est platea luctus. Aliquam malesuada fermentum interdum rhoncus feugiat tellus nisl hac, taciti sem mauris per dictumst ultricies bibendum litora, praesent urna odio faucibus habitasse felis primis. Montes mattis rutrum ante maecenas ullamcorper magna augue, dapibus pellentesque dis dignissim dui curabitur parturient, eleifend nibh aptent litora tortor leo. Nullam inceptos fringilla lobortis nulla ac, congue semper posuere leo.</p>"
6,Aliquam quam lectus,02/21/2022,blog,Adipiscing,"<p><strong>Pellentesque habitant morbi tristique</strong> senectus et netus et malesuada fames ac turpis egestas. Vestibulum tortor quam, feugiat vitae, ultricies eget, tempor sit amet, ante. Donec eu libero sit amet quam egestas semper. <em>Aenean ultricies mi vitae est.</em> Mauris placerat eleifend leo. Quisque sit amet est et sapien ullamcorper pharetra. Vestibulum erat wisi, condimentum sed, <code>commodo vitae</code>, ornare sit amet, wisi. Aenean fermentum, elit eget tincidunt condimentum, eros ipsum rutrum orci, sagittis tempus lacus enim ac dui. <a href=""#"">Donec non enim</a> in turpis pulvinar facilisis. Ut felis.</p>
<img src=""https://picsum.photos/1280/720"" alt=""Aenean ultricies mi vitae est."" title=""Vestibulum tortor quam"" />
<h2>Header Level 2</h2>
<ol>
  <li>Lorem ipsum dolor sit amet, consectetuer adipiscing elit.</li>
  <li>Aliquam tincidunt mauris eu risus.</li>
</ol>
<blockquote><p>Lorem ipsum dolor sit amet, consectetur adipiscing elit. Vivamus magna. Cras in mi at felis aliquet congue. Ut a est eget ligula molestie gravida. Curabitur massa. Donec eleifend, libero at sagittis mollis, tellus est malesuada tellus, at luctus turpis elit sit amet quam. Vivamus pretium ornare est.</p></blockquote>
<h3>Header Level 3</h3>
<ul>
  <li>Lorem ipsum dolor sit amet, consectetuer adipiscing elit.</li>
  <li>Aliquam tincidunt mauris eu risus.</li>
</ul>
<iframe width=""560"" height=""315"" src=""https://www.youtube.com/embed/GimzSBVQUDo?si=fG2WeWfksGgt2DLg"" title=""YouTube video player"" frameborder=""0"" allow=""accelerometer; autoplay; clipboard-write; encrypted-media; gyroscope; picture-in-picture; web-share"" referrerpolicy=""strict-origin-when-cross-origin"" allowfullscreen></iframe>
<h4>Header Level 4</h4>
<p><script type=""text/javascript"">alert(""I Should not be here"");</script></p>  
<p>Lorem ipsum dolor sit amet, consectetur adipiscing elit. Vivamus magna. Cras in mi at felis aliquet congue. Ut a est eget ligula molestie gravida. Curabitur massa. Donec eleifend, libero at sagittis mollis, tellus est malesuada tellus, at luctus turpis elit sit amet quam. Vivamus pretium ornare est.</p>"
7,Donec eu libero sit,08/21/2024,event,Consectetur ,"<p><strong>Pellentesque habitant morbi tristique</strong> senectus et netus et malesuada fames ac turpis egestas. Vestibulum tortor quam, feugiat vitae, ultricies eget, tempor sit amet, ante. Donec eu libero sit amet quam egestas semper. <em>Aenean ultricies mi vitae est.</em> Mauris placerat eleifend leo. Quisque sit amet est et sapien ullamcorper pharetra. Vestibulum erat wisi, condimentum sed, <code>commodo vitae</code>, ornare sit amet, wisi. Aenean fermentum, elit eget tincidunt condimentum, eros ipsum rutrum orci, sagittis tempus lacus enim ac dui. <a href=""#"">Donec non enim</a> in turpis pulvinar facilisis. Ut felis.</p>
<img src=""https://picsum.photos/1280/720"" alt=""Aenean ultricies mi vitae est."" title=""Vestibulum tortor quam"" />
<h2>Header Level 2</h2>
<ol>
  <li>Lorem ipsum dolor sit amet, consectetuer adipiscing elit.</li>
  <li>Aliquam tincidunt mauris eu risus.</li>
</ol>
<blockquote><p>Lorem ipsum dolor sit amet, consectetur adipiscing elit. Vivamus magna. Cras in mi at felis aliquet congue. Ut a est eget ligula molestie gravida. Curabitur massa. Donec eleifend, libero at sagittis mollis, tellus est malesuada tellus, at luctus turpis elit sit amet quam. Vivamus pretium ornare est.</p></blockquote>
<h3>Header Level 3</h3>
<ul>
  <li>Lorem ipsum dolor sit amet, consectetuer adipiscing elit.</li>
  <li>Aliquam tincidunt mauris eu risus.</li>
</ul>
<iframe width=""560"" height=""315"" src=""https://www.youtube.com/embed/GimzSBVQUDo?si=fG2WeWfksGgt2DLg"" title=""YouTube video player"" frameborder=""0"" allow=""accelerometer; autoplay; clipboard-write; encrypted-media; gyroscope; picture-in-picture; web-share"" referrerpolicy=""strict-origin-when-cross-origin"" allowfullscreen></iframe>
<h4>Header Level 4</h4>
<p><script type=""text/javascript"">alert(""I Should not be here"");</script></p>  
<p>Lorem ipsum dolor sit amet, consectetur adipiscing elit. Vivamus magna. Cras in mi at felis aliquet congue. Ut a est eget ligula molestie gravida. Curabitur massa. Donec eleifend, libero at sagittis mollis, tellus est malesuada tellus, at luctus turpis elit sit amet quam. Vivamus pretium ornare est.</p>"
8,Aenean ultricies mi vitae,14/21/2024,page,Ipsum,"<p>Lorem ipsum dolor sit amet consectetur adipiscing elit imperdiet blandit auctor sem, sed montes rhoncus cubilia eros parturient donec placerat eu. Eget nascetur class platea convallis augue vel vehicula, at id quisque aliquet ultrices pharetra nulla vivamus, mollis faucibus maecenas hendrerit hac arcu. Metus tempus aenean enim hendrerit auctor ac cursus ut praesent, ante libero porta bibendum class erat volutpat habitant, dapibus velit vitae sapien egestas sodales luctus ultrices.</p> <p>Tristique quis aptent gravida mattis litora imperdiet iaculis per felis velit et ultrices, netus consequat mus urna a mollis fusce pretium faucibus tellus aliquam lacinia phasellus, massa pulvinar mauris aenean cras commodo habitant volutpat aliquet condimentum lacus. Dapibus proin fermentum dui etiam maecenas primis hendrerit natoque donec litora interdum nam, mus ac fames mattis tristique cubilia ultricies integer dis potenti libero phasellus class, eros vehicula massa urna neque mi semper arcu cursus ut convallis. Rhoncus odio nunc viverra ultricies litora ac a in, pharetra iaculis penatibus torquent pretium facilisi proin vitae diam, felis nullam et vehicula fusce semper aliquam.</p> <p>Sodales morbi senectus quis nec euismod luctus pretium mi elementum maecenas, aliquet bibendum a at risus per purus ut ante. Leo neque porttitor primis nostra malesuada sociis, ullamcorper penatibus nam a nibh, habitant felis curabitur mus in. Sodales sociis magnis tellus suscipit molestie magna neque cubilia inceptos venenatis vulputate, scelerisque hendrerit sem curabitur sed rutrum fusce lectus diam.</p> <p>Nec lacinia venenatis ornare euismod class eleifend mauris natoque, porttitor phasellus viverra enim dictum tortor mus, dis donec tellus libero est platea luctus. Aliquam malesuada fermentum interdum rhoncus feugiat tellus nisl hac, taciti sem mauris per dictumst ultricies bibendum litora, praesent urna odio faucibus habitasse felis primis. Montes mattis rutrum ante maecenas ullamcorper magna augue, dapibus pellentesque dis dignissim dui curabitur parturient, eleifend nibh aptent litora tortor leo. Nullam inceptos fringilla lobortis nulla ac, congue semper posuere leo.</p>"